,name,AP,R@100,nDCG@10
0,SPLADE OWI Baseline,0.0006968982080516972,0.004123631159780985,0.0
